1462224307338,null,0,D202B31CD2C3,12.5,-1053,-125,417
1462224307485,null,0,D202B31CD2C3,12.5,-1054,-134,396
1462224307581,null,0,D202B31CD2C3,12.5,-1052,-119,404
1462224307633,null,0,D202B31CD2C3,12.5,-1059,-126,402
1462224307743,null,0,D202B31CD2C3,12.5,-1059,-124,395
1462224307841,null,0,D202B31CD2C3,12.5,-1059,-126,397
1462224307881,null,0,D202B31CD2C3,12.5,-1059,-127,398
1462224307982,null,0,D202B31CD2C3,12.5,-1053,-124,400
1462224308073,null,0,D202B31CD2C3,12.5,-1054,-120,410
1462224308124,null,0,D202B31CD2C3,12.5,-1061,-129,402
1462224308238,null,0,D202B31CD2C3,12.5,-1055,-124,391
1462224308279,null,0,D202B31CD2C3,12.5,-1060,-127,411
1462224308363,null,0,D202B31CD2C3,12.5,-1048,-127,404
1462224308462,null,0,D202B31CD2C3,12.5,-1053,-129,412
1462224308507,null,0,D202B31CD2C3,12.5,-1046,-125,408
1462224308606,null,0,D202B31CD2C3,12.5,-1053,-131,418
1462224308657,null,0,D202B31CD2C3,12.5,-1042,-147,409
1462224308772,null,0,D202B31CD2C3,12.5,-1040,-143,430
1462224308849,null,0,D202B31CD2C3,12.5,-1024,-158,436
1462224308897,null,0,D202B31CD2C3,12.5,-986,-155,417
1462224308997,null,0,D202B31CD2C3,12.5,-1006,-139,427
1462224309092,null,0,D202B31CD2C3,12.5,-1055,-137,458
1462224309142,null,0,D202B31CD2C3,12.5,-1080,-109,402
1462224309239,null,0,D202B31CD2C3,12.5,-1068,-132,423
1462224309290,null,0,D202B31CD2C3,12.5,-1005,-105,342
1462224309388,null,0,D202B31CD2C3,12.5,-1050,-123,341
1462224309496,null,0,D202B31CD2C3,12.5,-1046,-149,372
1462224309538,null,0,D202B31CD2C3,12.5,-1118,-141,351
1462224309629,null,0,D202B31CD2C3,12.5,-1338,-224,375
1462224309726,null,0,D202B31CD2C3,12.5,-1257,-304,303
1462224309775,null,0,D202B31CD2C3,12.5,-911,-245,166
1462224309872,null,0,D202B31CD2C3,12.5,-1014,-292,211
1462224309922,null,0,D202B31CD2C3,12.5,-992,-166,284
1462224310019,null,0,D202B31CD2C3,12.5,-954,-179,328
1462224310118,null,0,D202B31CD2C3,12.5,-973,-183,381
1462224310165,null,0,D202B31CD2C3,12.5,-937,-154,293
1462224310262,null,0,D202B31CD2C3,12.5,-1147,-250,455
1462224310360,null,0,D202B31CD2C3,12.5,-1494,-130,435
1462224310409,null,0,D202B31CD2C3,12.5,-1123,86,143
1462224310507,null,0,D202B31CD2C3,12.5,-997,-42,255
1462224310556,null,0,D202B31CD2C3,12.5,-1002,-21,337
1462224310674,null,0,D202B31CD2C3,12.5,-1050,-4,374
1462224310760,null,0,D202B31CD2C3,12.5,-994,-37,333
1462224310809,null,0,D202B31CD2C3,12.5,-1072,-76,379
1462224310949,null,0,D202B31CD2C3,12.5,-1406,-204,398
1462224311002,null,0,D202B31CD2C3,12.5,-1200,-257,366
1462224311046,null,0,D202B31CD2C3,12.5,-889,-242,211
1462224311143,null,0,D202B31CD2C3,12.5,-1073,-194,321
1462224311194,null,0,D202B31CD2C3,12.5,-1011,-133,302
1462224311296,null,0,D202B31CD2C3,12.5,-989,-197,385
1462224311397,null,0,D202B31CD2C3,12.5,-929,-132,392
1462224311451,null,0,D202B31CD2C3,12.5,-997,-172,347
1462224311530,null,0,D202B31CD2C3,12.5,-1400,-260,488
1462224311677,null,0,D202B31CD2C3,12.5,-1072,-16,214
1462224311778,null,0,D202B31CD2C3,12.5,-1092,-120,310
1462224311828,null,0,D202B31CD2C3,12.5,-978,-47,359
1462224311926,null,0,D202B31CD2C3,12.5,-998,-43,371
1462224312017,null,0,D202B31CD2C3,12.5,-994,-78,355
1462224312066,null,0,D202B31CD2C3,12.5,-1055,-74,307
1462224312166,null,0,D202B31CD2C3,12.5,-1321,-141,386
1462224312223,null,0,D202B31CD2C3,12.5,-1308,-254,448
1462224312323,null,0,D202B31CD2C3,12.5,-791,-246,253
1462224312407,null,0,D202B31CD2C3,12.5,-973,-221,358
1462224312456,null,0,D202B31CD2C3,12.5,-996,-125,410
1462224312554,null,0,D202B31CD2C3,12.5,-930,-202,431
1462224312653,null,0,D202B31CD2C3,12.5,-953,-159,452
1462224312707,null,0,D202B31CD2C3,12.5,-938,-166,362
1462224312802,null,0,D202B31CD2C3,12.5,-1107,-234,514
1462224312856,null,0,D202B31CD2C3,12.5,-1384,-196,487
1462224312948,null,0,D202B31CD2C3,12.5,-988,130,214
1462224313041,null,0,D202B31CD2C3,12.5,-1115,-23,233
1462224313090,null,0,D202B31CD2C3,12.5,-1110,-100,297
1462224313187,null,0,D202B31CD2C3,12.5,-1031,9,321
1462224313285,null,0,D202B31CD2C3,12.5,-1005,-1,343
1462224313334,null,0,D202B31CD2C3,12.5,-986,0,312
1462224313431,null,0,D202B31CD2C3,12.5,-1178,-78,458
1462224313480,null,0,D202B31CD2C3,12.5,-1321,-212,453
1462224313577,null,0,D202B31CD2C3,12.5,-1107,-246,330
1462224313675,null,0,D202B31CD2C3,12.5,-839,-207,243
1462224313724,null,0,D202B31CD2C3,12.5,-1065,-155,339
1462224313821,null,0,D202B31CD2C3,12.5,-977,-178,386
1462224313919,null,0,D202B31CD2C3,12.5,-957,-220,435
1462224313967,null,0,D202B31CD2C3,12.5,-896,-220,447
1462224314065,null,0,D202B31CD2C3,12.5,-932,-215,411
1462224314114,null,0,D202B31CD2C3,12.5,-1361,-359,525
1462224314212,null,0,D202B31CD2C3,12.5,-1354,-148,427
1462224314309,null,0,D202B31CD2C3,12.5,-886,2,236
1462224314358,null,0,D202B31CD2C3,12.5,-1140,-33,252
1462224314455,null,0,D202B31CD2C3,12.5,-1049,-187,366
1462224314601,null,0,D202B31CD2C3,12.5,-919,-45,380
1462224314699,null,0,D202B31CD2C3,12.5,-1006,-9,353
1462224314748,null,0,D202B31CD2C3,12.5,-1270,-65,472
1462224314845,null,0,D202B31CD2C3,12.5,-1381,-319,557
1462224314943,null,0,D202B31CD2C3,12.5,-823,-161,320
1462224314992,null,0,D202B31CD2C3,12.5,-854,-181,281
1462224315089,null,0,D202B31CD2C3,12.5,-1104,-119,376
1462224315138,null,0,D202B31CD2C3,12.5,-947,-169,425
1462224315235,null,0,D202B31CD2C3,12.5,-900,-124,460
1462224315333,null,0,D202B31CD2C3,12.5,-914,-129,364
1462224315381,null,0,D202B31CD2C3,12.5,-1231,-194,484
1462224315479,null,0,D202B31CD2C3,12.5,-1458,3,432
1462224315577,null,0,D202B31CD2C3,12.5,-964,135,152
1462224315625,null,0,D202B31CD2C3,12.5,-1015,106,310
1462224315722,null,0,D202B31CD2C3,12.5,-1034,-17,346
1462224315771,null,0,D202B31CD2C3,12.5,-1014,80,353
1462224315869,null,0,D202B31CD2C3,12.5,-956,79,371
1462224315966,null,0,D202B31CD2C3,12.5,-1042,54,391
1462224316015,null,0,D202B31CD2C3,12.5,-1257,23,478
1462224316112,null,0,D202B31CD2C3,12.5,-1513,-165,552
1462224316210,null,0,D202B31CD2C3,12.5,-824,-92,321
1462224316259,null,0,D202B31CD2C3,12.5,-942,-83,334
1462224316356,null,0,D202B31CD2C3,12.5,-1111,-33,383
1462224316405,null,0,D202B31CD2C3,12.5,-954,-64,434
1462224316502,null,0,D202B31CD2C3,12.5,-912,-52,465
1462224316600,null,0,D202B31CD2C3,12.5,-925,-88,431
1462224316649,null,0,D202B31CD2C3,12.5,-1133,-156,512
1462224316746,null,0,D202B31CD2C3,12.5,-1455,-102,532
1462224316893,null,0,D202B31CD2C3,12.5,-993,41,260
1462224316990,null,0,D202B31CD2C3,12.5,-1121,-77,314
1462224317039,null,0,D202B31CD2C3,12.5,-975,36,365
1462224317136,null,0,D202B31CD2C3,12.5,-955,12,385
1462224317234,null,0,D202B31CD2C3,12.5,-922,6,317
1462224317283,null,0,D202B31CD2C3,12.5,-1228,-37,446
1462224317380,null,0,D202B31CD2C3,12.5,-1478,-243,591
1462224317429,null,0,D202B31CD2C3,12.5,-892,-187,356
1462224317526,null,0,D202B31CD2C3,12.5,-803,-158,281
1462224317624,null,0,D202B31CD2C3,12.5,-1141,-148,393
1462224317672,null,0,D202B31CD2C3,12.5,-955,-157,428
1462224317772,null,0,D202B31CD2C3,12.5,-893,-144,443
1462224317875,null,0,D202B31CD2C3,12.5,-922,-134,398
1462224317919,null,0,D202B31CD2C3,12.5,-1131,-206,449
1462224318013,null,0,D202B31CD2C3,12.5,-1449,-155,485
1462224318062,null,0,D202B31CD2C3,12.5,-1112,47,297
1462224318160,null,0,D202B31CD2C3,12.5,-943,56,277
1462224318259,null,0,D202B31CD2C3,12.5,-1013,-72,332
1462224318309,null,0,D202B31CD2C3,12.5,-1020,1,378
1462224318430,null,0,D202B31CD2C3,12.5,-997,-2,385
1462224318503,null,0,D202B31CD2C3,12.5,-940,-47,338
1462224318550,null,0,D202B31CD2C3,12.5,-1176,-36,426
1462224318649,null,0,D202B31CD2C3,12.5,-1427,-197,561
1462224318698,null,0,D202B31CD2C3,12.5,-1137,-171,379
1462224318808,null,0,D202B31CD2C3,12.5,-808,-181,239
1462224318901,null,0,D202B31CD2C3,12.5,-1060,-115,344
1462224318965,null,0,D202B31CD2C3,12.5,-991,-133,399
1462224319037,null,0,D202B31CD2C3,12.5,-944,-144,460
1462224319135,null,0,D202B31CD2C3,12.5,-927,-123,421
1462224319183,null,0,D202B31CD2C3,12.5,-1005,-164,430
1462224319281,null,0,D202B31CD2C3,12.5,-1482,-261,500
1462224319330,null,0,D202B31CD2C3,12.5,-1266,-40,377
1462224319427,null,0,D202B31CD2C3,12.5,-968,40,161
1462224319525,null,0,D202B31CD2C3,12.5,-1156,-36,280
1462224319574,null,0,D202B31CD2C3,12.5,-1005,-78,370
1462224319671,null,0,D202B31CD2C3,12.5,-947,35,366
1462224319818,null,0,D202B31CD2C3,12.5,-1100,-34,410
1462224319915,null,0,D202B31CD2C3,12.5,-1338,-105,512
1462224319969,null,0,D202B31CD2C3,12.5,-1334,-226,505
1462224320063,null,0,D202B31CD2C3,12.5,-792,-116,279
1462224320172,null,0,D202B31CD2C3,12.5,-1061,-162,342
1462224320215,null,0,D202B31CD2C3,12.5,-1045,-102,402
1462224320305,null,0,D202B31CD2C3,12.5,-931,-135,414
1462224320354,null,0,D202B31CD2C3,12.5,-928,-96,432
1462224320452,null,0,D202B31CD2C3,12.5,-974,-113,421
1462224320550,null,0,D202B31CD2C3,12.5,-1018,-189,460
1462224320649,null,0,D202B31CD2C3,12.5,-1389,-98,630
1462224320695,null,0,D202B31CD2C3,12.5,-1187,-24,383
1462224320792,null,0,D202B31CD2C3,12.5,-1037,3,253
1462224320856,null,0,D202B31CD2C3,12.5,-1092,-122,319
1462224320955,null,0,D202B31CD2C3,12.5,-1000,-1,363
1462224321000,null,0,D202B31CD2C3,12.5,-932,-19,373
1462224321086,null,0,D202B31CD2C3,12.5,-955,-69,350
1462224321185,null,0,D202B31CD2C3,12.5,-1167,-21,429
1462224321232,null,0,D202B31CD2C3,12.5,-1484,-179,500
1462224321339,null,0,D202B31CD2C3,12.5,-1235,-258,441
1462224321440,null,0,D202B31CD2C3,12.5,-871,-198,193
1462224321482,null,0,D202B31CD2C3,12.5,-1078,-90,328
1462224321572,null,0,D202B31CD2C3,12.5,-1017,-90,388
1462224321622,null,0,D202B31CD2C3,12.5,-925,-145,419
1462224321719,null,0,D202B31CD2C3,12.5,-932,-121,432
1462224321839,null,0,D202B31CD2C3,12.5,-995,-127,415
1462224321877,null,0,D202B31CD2C3,12.5,-1481,-237,522
1462224321963,null,0,D202B31CD2C3,12.5,-1233,-60,459
1462224322060,null,0,D202B31CD2C3,12.5,-855,30,208
1462224322109,null,0,D202B31CD2C3,12.5,-1162,-19,308
1462224322206,null,0,D202B31CD2C3,12.5,-1031,-81,406
1462224322255,null,0,D202B31CD2C3,12.5,-913,-33,368
1462224322352,null,0,D202B31CD2C3,12.5,-946,-53,396
1462224322450,null,0,D202B31CD2C3,12.5,-1034,-59,417
1462224322499,null,0,D202B31CD2C3,12.5,-1148,-21,476
1462224322596,null,0,D202B31CD2C3,12.5,-1393,-323,598
1462224322742,null,0,D202B31CD2C3,12.5,-907,-149,244
1462224322888,null,0,D202B31CD2C3,12.5,-1136,-101,339
1462224322889,null,0,D202B31CD2C3,12.5,-969,-183,439
1462224322986,null,0,D202B31CD2C3,12.5,-938,-173,402
1462224323084,null,0,D202B31CD2C3,12.5,-932,-119,375
1462224323132,null,0,D202B31CD2C3,12.5,-1058,-209,462
1462224323230,null,0,D202B31CD2C3,12.5,-1320,-157,560
1462224323327,null,0,D202B31CD2C3,12.5,-1176,-41,336
1462224323376,null,0,D202B31CD2C3,12.5,-1036,12,251
1462224323473,null,0,D202B31CD2C3,12.5,-1085,-95,292
1462224323571,null,0,D202B31CD2C3,12.5,-970,-23,369
1462224323620,null,0,D202B31CD2C3,12.5,-991,-40,383
1462224323718,null,0,D202B31CD2C3,12.5,-949,-43,373
1462224323766,null,0,D202B31CD2C3,12.5,-1056,-68,392
1462224323863,null,0,D202B31CD2C3,12.5,-1459,-226,473
1462224323912,null,0,D202B31CD2C3,12.5,-1346,-304,469
1462224324010,null,0,D202B31CD2C3,12.5,-758,-218,196
1462224324107,null,0,D202B31CD2C3,12.5,-961,-161,283
1462224324160,null,0,D202B31CD2C3,12.5,-1071,-198,400
1462224324254,null,0,D202B31CD2C3,12.5,-912,-190,414
1462224324351,null,0,D202B31CD2C3,12.5,-894,-124,420
1462224324400,null,0,D202B31CD2C3,12.5,-912,-164,401
1462224324497,null,0,D202B31CD2C3,12.5,-1253,-223,544
1462224324566,null,0,D202B31CD2C3,12.5,-1550,-83,459
1462224324644,null,0,D202B31CD2C3,12.5,-990,119,171
1462224324741,null,0,D202B31CD2C3,12.5,-1013,61,222
1462224324790,null,0,D202B31CD2C3,12.5,-1049,-83,314
1462224324887,null,0,D202B31CD2C3,12.5,-1005,18,337
1462224324985,null,0,D202B31CD2C3,12.5,-943,-17,383
1462224325033,null,0,D202B31CD2C3,12.5,-967,-16,359
1462224325131,null,0,D202B31CD2C3,12.5,-1145,-34,481
1462224325180,null,0,D202B31CD2C3,12.5,-1586,-383,588
1462224325277,null,0,D202B31CD2C3,12.5,-897,-146,318
1462224325376,null,0,D202B31CD2C3,12.5,-827,-107,269
1462224325424,null,0,D202B31CD2C3,12.5,-1138,-129,377
1462224325521,null,0,D202B31CD2C3,12.5,-957,-183,427
1462224325619,null,0,D202B31CD2C3,12.5,-921,-176,435
1462224325668,null,0,D202B31CD2C3,12.5,-935,-166,444
1462224325767,null,0,D202B31CD2C3,12.5,-998,-224,448
1462224325827,null,0,D202B31CD2C3,12.5,-1558,-143,488
1462224325933,null,0,D202B31CD2C3,12.5,-1144,-63,444
1462224326009,null,0,D202B31CD2C3,12.5,-977,-17,287
1462224326059,null,0,D202B31CD2C3,12.5,-1141,-101,362
1462224326155,null,0,D202B31CD2C3,12.5,-974,-65,375
1462224326301,null,0,D202B31CD2C3,12.5,-1038,-110,413
1462224326399,null,0,D202B31CD2C3,12.5,-1046,-51,398
1462224326449,null,0,D202B31CD2C3,12.5,-1051,-52,442
1462224326547,null,0,D202B31CD2C3,12.5,-1310,-220,557
1462224326642,null,0,D202B31CD2C3,12.5,-1136,-258,387
1462224326692,null,0,D202B31CD2C3,12.5,-841,-193,189
1462224326789,null,0,D202B31CD2C3,12.5,-1085,-181,304
1462224326839,null,0,D202B31CD2C3,12.5,-988,-246,389
1462224326935,null,0,D202B31CD2C3,12.5,-927,-227,406
1462224327032,null,0,D202B31CD2C3,12.5,-969,-214,403
1462224327081,null,0,D202B31CD2C3,12.5,-977,-204,391
1462224327179,null,0,D202B31CD2C3,12.5,-1047,-234,447
1462224327276,null,0,D202B31CD2C3,12.5,-1460,-223,498
1462224327325,null,0,D202B31CD2C3,12.5,-960,-60,222
1462224327424,null,0,D202B31CD2C3,12.5,-1170,-35,277
1462224327471,null,0,D202B31CD2C3,12.5,-1051,-70,365
1462224327568,null,0,D202B31CD2C3,12.5,-967,-59,354
1462224327668,null,0,D202B31CD2C3,12.5,-1055,-57,367
1462224327715,null,0,D202B31CD2C3,12.5,-1044,-65,399
1462224327812,null,0,D202B31CD2C3,12.5,-1024,-14,396
1462224327910,null,0,D202B31CD2C3,12.5,-1055,-29,455
1462224327960,null,0,D202B31CD2C3,12.5,-1190,-125,555
1462224328062,null,0,D202B31CD2C3,12.5,-1068,-200,459
1462224328105,null,0,D202B31CD2C3,12.5,-899,-138,304
1462224328203,null,0,D202B31CD2C3,12.5,-1008,-192,358
1462224328303,null,0,D202B31CD2C3,12.5,-1082,-257,419
1462224328356,null,0,D202B31CD2C3,12.5,-952,-239,383
1462224328450,null,0,D202B31CD2C3,12.5,-995,-241,436
1462224328548,null,0,D202B31CD2C3,12.5,-973,-229,394
1462224328592,null,0,D202B31CD2C3,12.5,-1006,-211,388
1462224328690,null,0,D202B31CD2C3,12.5,-1178,-166,469
1462224328739,null,0,D202B31CD2C3,12.5,-1229,-145,520
1462224328836,null,0,D202B31CD2C3,12.5,-898,46,287
1462224328933,null,0,D202B31CD2C3,12.5,-1016,-39,375
1462224328982,null,0,D202B31CD2C3,12.5,-1025,-45,429
1462224329080,null,0,D202B31CD2C3,12.5,-1010,-73,415
1462224329230,null,0,D202B31CD2C3,12.5,-1053,-61,350
1462224329329,null,0,D202B31CD2C3,12.5,-1174,-110,478
1462224329377,null,0,D202B31CD2C3,12.5,-1444,-330,536
1462224329475,null,0,D202B31CD2C3,12.5,-866,-123,299
1462224329578,null,0,D202B31CD2C3,12.5,-915,-169,311
1462224329616,null,0,D202B31CD2C3,12.5,-1091,-122,412
1462224329714,null,0,D202B31CD2C3,12.5,-917,-156,433
1462224329763,null,0,D202B31CD2C3,12.5,-938,-84,456
1462224329860,null,0,D202B31CD2C3,12.5,-941,-102,422
1462224329968,null,0,D202B31CD2C3,12.5,-1102,-139,531
1462224330013,null,0,D202B31CD2C3,12.5,-1450,-115,496
1462224330107,null,0,D202B31CD2C3,12.5,-1040,47,239
1462224330202,null,0,D202B31CD2C3,12.5,-1086,39,250
1462224330300,null,0,D202B31CD2C3,12.5,-1125,-31,278
1462224330350,null,0,D202B31CD2C3,12.5,-996,83,358
1462224330397,null,0,D202B31CD2C3,12.5,-957,21,378
1462224330514,null,0,D202B31CD2C3,12.5,-1036,-5,323
1462224330591,null,0,D202B31CD2C3,12.5,-1123,-9,418
1462224330640,null,0,D202B31CD2C3,12.5,-1471,-220,479
1462224330739,null,0,D202B31CD2C3,12.5,-999,-201,245
1462224330835,null,0,D202B31CD2C3,12.5,-1018,-185,263
1462224330886,null,0,D202B31CD2C3,12.5,-1025,-69,311
1462224330983,null,0,D202B31CD2C3,12.5,-961,-147,368
1462224331046,null,0,D202B31CD2C3,12.5,-1001,-111,397
1462224331127,null,0,D202B31CD2C3,12.5,-987,-89,374
1462224331225,null,0,D202B31CD2C3,12.5,-1110,-131,487
1462224331274,null,0,D202B31CD2C3,12.5,-1389,-103,504
1462224331373,null,0,D202B31CD2C3,12.5,-1015,90,260
1462224331474,null,0,D202B31CD2C3,12.5,-1102,39,288
1462224331522,null,0,D202B31CD2C3,12.5,-1019,-49,369
1462224331617,null,0,D202B31CD2C3,12.5,-950,-4,353
1462224331669,null,0,D202B31CD2C3,12.5,-983,20,384
1462224331767,null,0,D202B31CD2C3,12.5,-1008,2,352
1462224331862,null,0,D202B31CD2C3,12.5,-1253,-18,458
1462224331910,null,0,D202B31CD2C3,12.5,-1489,-221,557
1462224332012,null,0,D202B31CD2C3,12.5,-821,-123,310
1462224332153,null,0,D202B31CD2C3,12.5,-1061,-98,435
1462224332249,null,0,D202B31CD2C3,12.5,-911,-140,457
1462224332298,null,0,D202B31CD2C3,12.5,-907,-95,459
1462224332397,null,0,D202B31CD2C3,12.5,-928,-83,434
1462224332500,null,0,D202B31CD2C3,12.5,-1078,-180,542
1462224332554,null,0,D202B31CD2C3,12.5,-1319,-92,630
1462224332639,null,0,D202B31CD2C3,12.5,-1160,0,359
1462224332736,null,0,D202B31CD2C3,12.5,-1091,26,243
1462224332786,null,0,D202B31CD2C3,12.5,-1101,-102,330
1462224332889,null,0,D202B31CD2C3,12.5,-934,7,373
1462224332933,null,0,D202B31CD2C3,12.5,-931,6,392
1462224333032,null,0,D202B31CD2C3,12.5,-898,-6,376
1462224333175,null,0,D202B31CD2C3,12.5,-1145,-43,478
1462224333175,null,0,D202B31CD2C3,12.5,-1562,-214,626
1462224333272,null,0,D202B31CD2C3,12.5,-1056,-213,444
1462224333324,null,0,D202B31CD2C3,12.5,-781,-202,257
1462224333419,null,0,D202B31CD2C3,12.5,-1020,-56,350
1462224333517,null,0,D202B31CD2C3,12.5,-969,-145,402
1462224333566,null,0,D202B31CD2C3,12.5,-931,-120,457
1462224333663,null,0,D202B31CD2C3,12.5,-923,-99,463
1462224333762,null,0,D202B31CD2C3,12.5,-1019,-156,470
1462224333819,null,0,D202B31CD2C3,12.5,-1276,-66,514
1462224333920,null,0,D202B31CD2C3,12.5,-1354,-79,458
1462224333960,null,0,D202B31CD2C3,12.5,-1014,-30,248
1462224334056,null,0,D202B31CD2C3,12.5,-1110,-144,315
1462224334155,null,0,D202B31CD2C3,12.5,-954,-51,424
1462224334204,null,0,D202B31CD2C3,12.5,-870,-38,412
1462224334309,null,0,D202B31CD2C3,12.5,-919,-64,439
1462224334394,null,0,D202B31CD2C3,12.5,-1040,-60,496
1462224334443,null,0,D202B31CD2C3,12.5,-1134,-72,505
1462224334540,null,0,D202B31CD2C3,12.5,-1489,-310,619
1462224334590,null,0,D202B31CD2C3,12.5,-734,-176,305
1462224334689,null,0,D202B31CD2C3,12.5,-1007,-124,340
1462224334789,null,0,D202B31CD2C3,12.5,-1055,-83,395
1462224334840,null,0,D202B31CD2C3,12.5,-906,-164,425
1462224334934,null,0,D202B31CD2C3,12.5,-930,-115,447
1462224335033,null,0,D202B31CD2C3,12.5,-967,-138,447
1462224335081,null,0,D202B31CD2C3,12.5,-1189,-184,545
1462224335174,null,0,D202B31CD2C3,12.5,-1403,-92,464
1462224335223,null,0,D202B31CD2C3,12.5,-982,110,214
1462224335321,null,0,D202B31CD2C3,12.5,-1085,-8,279
1462224335417,null,0,D202B31CD2C3,12.5,-997,-29,368
1462224335469,null,0,D202B31CD2C3,12.5,-974,33,387
1462224335569,null,0,D202B31CD2C3,12.5,-950,20,365
1462224335670,null,0,D202B31CD2C3,12.5,-1027,-4,448
1462224335711,null,0,D202B31CD2C3,12.5,-1143,10,518
1462224335807,null,0,D202B31CD2C3,12.5,-1363,-159,607
1462224335859,null,0,D202B31CD2C3,12.5,-1037,-61,391
1462224335956,null,0,D202B31CD2C3,12.5,-887,-157,307
1462224336069,null,0,D202B31CD2C3,12.5,-1113,-33,374
1462224336110,null,0,D202B31CD2C3,12.5,-966,-76,407
1462224336197,null,0,D202B31CD2C3,12.5,-990,-28,457
1462224336246,null,0,D202B31CD2C3,12.5,-1018,-34,446
1462224336344,null,0,D202B31CD2C3,12.5,-1042,-60,451
1462224336442,null,0,D202B31CD2C3,12.5,-1288,-101,590
1462224336493,null,0,D202B31CD2C3,12.5,-1172,63,450
1462224336597,null,0,D202B31CD2C3,12.5,-989,169,256
1462224336685,null,0,D202B31CD2C3,12.5,-1084,39,316
1462224336734,null,0,D202B31CD2C3,12.5,-1066,36,362
1462224336832,null,0,D202B31CD2C3,12.5,-1032,80,391
1462224336881,null,0,D202B31CD2C3,12.5,-1011,62,402
1462224336978,null,0,D202B31CD2C3,12.5,-1060,135,403
1462224337075,null,0,D202B31CD2C3,12.5,-1141,-49,518
1462224337131,null,0,D202B31CD2C3,12.5,-1288,-163,586
1462224337225,null,0,D202B31CD2C3,12.5,-1029,-51,401
1462224337322,null,0,D202B31CD2C3,12.5,-867,-129,288
1462224337372,null,0,D202B31CD2C3,12.5,-1183,-106,385
1462224337473,null,0,D202B31CD2C3,12.5,-1016,-85,364
1462224337516,null,0,D202B31CD2C3,12.5,-988,-94,434
1462224337616,null,0,D202B31CD2C3,12.5,-970,-95,454
1462224337708,null,0,D202B31CD2C3,12.5,-974,-73,429
1462224337757,null,0,D202B31CD2C3,12.5,-1019,-103,441
1462224337855,null,0,D202B31CD2C3,12.5,-1391,-53,488
1462224337956,null,0,D202B31CD2C3,12.5,-1100,66,279
1462224338001,null,0,D202B31CD2C3,12.5,-1136,31,221
1462224338099,null,0,D202B31CD2C3,12.5,-1139,62,271
1462224338147,null,0,D202B31CD2C3,12.5,-1075,127,302
1462224338248,null,0,D202B31CD2C3,12.5,-1082,83,306
1462224338356,null,0,D202B31CD2C3,12.5,-1089,85,319
1462224338399,null,0,D202B31CD2C3,12.5,-1103,69,357
1462224338504,null,0,D202B31CD2C3,12.5,-1228,-82,437
1462224338639,null,0,D202B31CD2C3,12.5,-977,-82,259
1462224338732,null,0,D202B31CD2C3,12.5,-1151,-132,290
1462224338781,null,0,D202B31CD2C3,12.5,-1069,-101,341
1462224338879,null,0,D202B31CD2C3,12.5,-1042,-84,376
1462224338981,null,0,D202B31CD2C3,12.5,-1019,-78,395
1462224339027,null,0,D202B31CD2C3,12.5,-991,-93,404
1462224339129,null,0,D202B31CD2C3,12.5,-1148,-165,475
1462224339177,null,0,D202B31CD2C3,12.5,-1354,-77,452
1462224339269,null,0,D202B31CD2C3,12.5,-948,24,243
1462224339367,null,0,D202B31CD2C3,12.5,-1097,-29,319
1462224339417,null,0,D202B31CD2C3,12.5,-1092,-37,386
1462224339519,null,0,D202B31CD2C3,12.5,-978,5,384
1462224339616,null,0,D202B31CD2C3,12.5,-904,-48,386
1462224339664,null,0,D202B31CD2C3,12.5,-973,-4,386
1462224339756,null,0,D202B31CD2C3,12.5,-1173,-22,486
1462224339806,null,0,D202B31CD2C3,12.5,-1511,-298,577
1462224339903,null,0,D202B31CD2C3,12.5,-861,-211,323
1462224340008,null,0,D202B31CD2C3,12.5,-953,-218,309
1462224340057,null,0,D202B31CD2C3,12.5,-1062,-122,380
1462224340160,null,0,D202B31CD2C3,12.5,-933,-206,436
1462224340243,null,0,D202B31CD2C3,12.5,-918,-108,454
1462224340292,null,0,D202B31CD2C3,12.5,-940,-122,409
1462224340391,null,0,D202B31CD2C3,12.5,-1140,-188,529
1462224340439,null,0,D202B31CD2C3,12.5,-1426,-98,522
1462224340536,null,0,D202B31CD2C3,12.5,-931,153,270
1462224340636,null,0,D202B31CD2C3,12.5,-1075,36,317
1462224340682,null,0,D202B31CD2C3,12.5,-1054,-33,363
1462224340780,null,0,D202B31CD2C3,12.5,-1011,25,390
1462224340877,null,0,D202B31CD2C3,12.5,-975,23,409
1462224340926,null,0,D202B31CD2C3,12.5,-976,-6,411
1462224341023,null,0,D202B31CD2C3,12.5,-1213,-14,497
1462224341072,null,0,D202B31CD2C3,12.5,-1421,-213,547
1462224341170,null,0,D202B31CD2C3,12.5,-958,-130,350
1462224341267,null,0,D202B31CD2C3,12.5,-857,-181,286
1462224341316,null,0,D202B31CD2C3,12.5,-1101,-93,418
1462224341413,null,0,D202B31CD2C3,12.5,-941,-164,427
1462224341560,null,0,D202B31CD2C3,12.5,-896,-61,399
1462224341657,null,0,D202B31CD2C3,12.5,-1153,-147,510
1462224341706,null,0,D202B31CD2C3,12.5,-1461,-113,516
1462224341803,null,0,D202B31CD2C3,12.5,-1097,61,360
1462224341901,null,0,D202B31CD2C3,12.5,-949,161,290
1462224341950,null,0,D202B31CD2C3,12.5,-1078,-35,353
1462224342047,null,0,D202B31CD2C3,12.5,-1016,10,398
1462224342146,null,0,D202B31CD2C3,12.5,-966,35,411
1462224342194,null,0,D202B31CD2C3,12.5,-951,3,398
1462224342291,null,0,D202B31CD2C3,12.5,-1180,-27,449
1462224342340,null,0,D202B31CD2C3,12.5,-1372,-163,525
1462224342437,null,0,D202B31CD2C3,12.5,-1091,-147,358
1462224342535,null,0,D202B31CD2C3,12.5,-838,-206,241
1462224342584,null,0,D202B31CD2C3,12.5,-1091,-113,369
1462224342683,null,0,D202B31CD2C3,12.5,-991,-133,369
1462224342732,null,0,D202B31CD2C3,12.5,-961,-136,381
1462224342838,null,0,D202B31CD2C3,12.5,-974,-102,391
1462224342949,null,0,D202B31CD2C3,12.5,-1045,-184,458
1462224342978,null,0,D202B31CD2C3,12.5,-1150,-122,490
1462224343093,null,0,D202B31CD2C3,12.5,-1356,-78,463
1462224343180,null,0,D202B31CD2C3,12.5,-915,-21,250
1462224343217,null,0,D202B31CD2C3,12.5,-1113,-108,334
1462224343316,null,0,D202B31CD2C3,12.5,-968,-101,404
1462224343364,null,0,D202B31CD2C3,12.5,-935,-100,369
1462224343464,null,0,D202B31CD2C3,12.5,-1066,-139,421
1462224343576,null,0,D202B31CD2C3,12.5,-1044,-109,355
1462224343639,null,0,D202B31CD2C3,12.5,-1231,-137,435
1462224343705,null,0,D202B31CD2C3,12.5,-1138,-275,411
1462224343802,null,0,D202B31CD2C3,12.5,-1056,-260,308
1462224343851,null,0,D202B31CD2C3,12.5,-1067,-172,273
1462224343950,null,0,D202B31CD2C3,12.5,-1080,-209,343
1462224344000,null,0,D202B31CD2C3,12.5,-972,-258,331
1462224344103,null,0,D202B31CD2C3,12.5,-1007,-190,360
1462224344195,null,0,D202B31CD2C3,12.5,-1007,-193,387
1462224344241,null,0,D202B31CD2C3,12.5,-1021,-211,373
1462224344338,null,0,D202B31CD2C3,12.5,-1285,-284,418
1462224344486,null,0,D202B31CD2C3,12.5,-1154,48,163
1462224344607,null,0,D202B31CD2C3,12.5,-1153,-72,286
1462224344655,null,0,D202B31CD2C3,12.5,-943,-51,373
1462224344728,null,0,D202B31CD2C3,12.5,-999,-31,373
1462224344827,null,0,D202B31CD2C3,12.5,-1004,-7,412
1462224344875,null,0,D202B31CD2C3,12.5,-978,11,369
1462224344973,null,0,D202B31CD2C3,12.5,-1147,-18,457
1462224345086,null,0,D202B31CD2C3,12.5,-1420,-243,607
1462224345125,null,0,D202B31CD2C3,12.5,-1221,-188,437
1462224345216,null,0,D202B31CD2C3,12.5,-787,-136,221
1462224345265,null,0,D202B31CD2C3,12.5,-1059,-50,322
1462224345363,null,0,D202B31CD2C3,12.5,-1036,-94,397
1462224345462,null,0,D202B31CD2C3,12.5,-957,-51,401
1462224345516,null,0,D202B31CD2C3,12.5,-954,-56,430
1462224345621,null,0,D202B31CD2C3,12.5,-954,-93,412
1462224345695,null,0,D202B31CD2C3,12.5,-1236,-145,552
1462224345752,null,0,D202B31CD2C3,12.5,-1426,-1,461
1462224345851,null,0,D202B31CD2C3,12.5,-900,116,185
1462224345899,null,0,D202B31CD2C3,12.5,-1115,69,271
1462224345996,null,0,D202B31CD2C3,12.5,-1032,-51,342
1462224346095,null,0,D202B31CD2C3,12.5,-940,44,345
1462224346142,null,0,D202B31CD2C3,12.5,-941,54,362
1462224346240,null,0,D202B31CD2C3,12.5,-1039,30,383
1462224346289,null,0,D202B31CD2C3,12.5,-1456,-122,510
1462224346388,null,0,D202B31CD2C3,12.5,-1458,-347,451
1462224346483,null,0,D202B31CD2C3,12.5,-734,-188,201
1462224346532,null,0,D202B31CD2C3,12.5,-963,-84,282
1462224346631,null,0,D202B31CD2C3,12.5,-1118,-116,381
1462224346780,null,0,D202B31CD2C3,12.5,-931,-159,437
1462224346782,null,0,D202B31CD2C3,12.5,-876,-103,441
1462224346895,null,0,D202B31CD2C3,12.5,-975,-88,470
1462224346922,null,0,D202B31CD2C3,12.5,-1591,-246,554
1462224347021,null,0,D202B31CD2C3,12.5,-1259,93,411
1462224347118,null,0,D202B31CD2C3,12.5,-1061,75,313
1462224347167,null,0,D202B31CD2C3,12.5,-1064,-45,295
1462224347263,null,0,D202B31CD2C3,12.5,-952,10,360
1462224347410,null,0,D202B31CD2C3,12.5,-963,46,386
1462224347411,null,0,D202B31CD2C3,12.5,-946,5,337
1462224347510,null,0,D202B31CD2C3,12.5,-1192,-27,438
1462224347568,null,0,D202B31CD2C3,12.5,-1536,-198,557
1462224347653,null,0,D202B31CD2C3,12.5,-946,-213,350
1462224347751,null,0,D202B31CD2C3,12.5,-904,-205,230
1462224347800,null,0,D202B31CD2C3,12.5,-1046,-84,346
1462224347901,null,0,D202B31CD2C3,12.5,-895,-147,412
1462224347999,null,0,D202B31CD2C3,12.5,-931,-125,468
1462224348050,null,0,D202B31CD2C3,12.5,-934,-66,428
1462224348197,null,0,D202B31CD2C3,12.5,-1203,-152,547
1462224348204,null,0,D202B31CD2C3,12.5,-1432,70,399
1462224348287,null,0,D202B31CD2C3,12.5,-1052,177,167
1462224348386,null,0,D202B31CD2C3,12.5,-1087,37,227
1462224348434,null,0,D202B31CD2C3,12.5,-960,22,341
1462224348532,null,0,D202B31CD2C3,12.5,-966,84,366
1462224348580,null,0,D202B31CD2C3,12.5,-953,85,375
1462224348677,null,0,D202B31CD2C3,12.5,-1105,9,474
1462224348775,null,0,D202B31CD2C3,12.5,-1481,-112,504
1462224348824,null,0,D202B31CD2C3,12.5,-1151,-196,406
1462224348923,null,0,D202B31CD2C3,12.5,-898,-225,245
1462224349036,null,0,D202B31CD2C3,12.5,-1048,-142,303
1462224349081,null,0,D202B31CD2C3,12.5,-952,-146,392
1462224349193,null,0,D202B31CD2C3,12.5,-934,-140,448
1462224349219,null,0,D202B31CD2C3,12.5,-934,-116,423
1462224349311,null,0,D202B31CD2C3,12.5,-1057,-150,444
1462224349408,null,0,D202B31CD2C3,12.5,-1416,-134,546
1462224349458,null,0,D202B31CD2C3,12.5,-1226,42,439
1462224349555,null,0,D202B31CD2C3,12.5,-1121,90,216
1462224349652,null,0,D202B31CD2C3,12.5,-1101,18,282
1462224349701,null,0,D202B31CD2C3,12.5,-969,42,372
1462224349799,null,0,D202B31CD2C3,12.5,-950,71,370
1462224349848,null,0,D202B31CD2C3,12.5,-922,49,361
1462224349945,null,0,D202B31CD2C3,12.5,-1139,5,471
1462224350042,null,0,D202B31CD2C3,12.5,-1414,-112,611
1462224350091,null,0,D202B31CD2C3,12.5,-1117,-151,424
1462224350188,null,0,D202B31CD2C3,12.5,-866,-220,238
1462224350286,null,0,D202B31CD2C3,12.5,-1051,-93,337
1462224350335,null,0,D202B31CD2C3,12.5,-949,-106,401
1462224350432,null,0,D202B31CD2C3,12.5,-939,-97,450
1462224350481,null,0,D202B31CD2C3,12.5,-931,-89,449
1462224350578,null,0,D202B31CD2C3,12.5,-1030,-113,498
1462224350676,null,0,D202B31CD2C3,12.5,-1442,-144,558
1462224350725,null,0,D202B31CD2C3,12.5,-1330,21,371
1462224350822,null,0,D202B31CD2C3,12.5,-1037,99,150
1462224350968,null,0,D202B31CD2C3,12.5,-994,-31,362
1462224351066,null,0,D202B31CD2C3,12.5,-944,52,351
1462224351115,null,0,D202B31CD2C3,12.5,-933,-4,349
1462224351212,null,0,D202B31CD2C3,12.5,-1149,6,411
1462224351310,null,0,D202B31CD2C3,12.5,-1509,-161,525
1462224351359,null,0,D202B31CD2C3,12.5,-1194,-267,404
1462224351456,null,0,D202B31CD2C3,12.5,-791,-191,216
1462224351505,null,0,D202B31CD2C3,12.5,-1052,-119,348
1462224351602,null,0,D202B31CD2C3,12.5,-974,-125,417
1462224351700,null,0,D202B31CD2C3,12.5,-931,-151,451
1462224351749,null,0,D202B31CD2C3,12.5,-888,-111,403
1462224351846,null,0,D202B31CD2C3,12.5,-1038,-160,465
1462224351943,null,0,D202B31CD2C3,12.5,-1375,-90,562
1462224351992,null,0,D202B31CD2C3,12.5,-1147,-48,375
1462224352090,null,0,D202B31CD2C3,12.5,-937,30,247
1462224352139,null,0,D202B31CD2C3,12.5,-1171,-107,346
1462224352236,null,0,D202B31CD2C3,12.5,-949,-59,383
1462224352333,null,0,D202B31CD2C3,12.5,-961,-60,389
1462224352382,null,0,D202B31CD2C3,12.5,-983,-71,380
1462224352480,null,0,D202B31CD2C3,12.5,-1075,-54,408
1462224352577,null,0,D202B31CD2C3,12.5,-1369,-142,440
1462224352626,null,0,D202B31CD2C3,12.5,-1218,-268,502
1462224352724,null,0,D202B31CD2C3,12.5,-771,-223,256
1462224352772,null,0,D202B31CD2C3,12.5,-1090,-114,373
1462224352873,null,0,D202B31CD2C3,12.5,-983,-193,416
1462224352983,null,0,D202B31CD2C3,12.5,-922,-189,412
1462224353022,null,0,D202B31CD2C3,12.5,-968,-164,414
1462224353130,null,0,D202B31CD2C3,12.5,-985,-235,460
1462224353257,null,0,D202B31CD2C3,12.5,-1136,-153,497
1462224353271,null,0,D202B31CD2C3,12.5,-1397,-119,524
1462224353357,null,0,D202B31CD2C3,12.5,-969,14,346
1462224353407,null,0,D202B31CD2C3,12.5,-1085,-7,299
1462224353505,null,0,D202B31CD2C3,12.5,-1065,-37,351
1462224353621,null,0,D202B31CD2C3,12.5,-953,0,375
1462224353650,null,0,D202B31CD2C3,12.5,-1016,-20,422
1462224353748,null,0,D202B31CD2C3,12.5,-947,0,353
1462224353897,null,0,D202B31CD2C3,12.5,-1376,-170,566
1462224353995,null,0,D202B31CD2C3,12.5,-1157,-168,448
1462224354045,null,0,D202B31CD2C3,12.5,-757,-156,237
1462224354138,null,0,D202B31CD2C3,12.5,-1060,-92,376
1462224354235,null,0,D202B31CD2C3,12.5,-981,-188,424
1462224354283,null,0,D202B31CD2C3,12.5,-944,-154,470
1462224354383,null,0,D202B31CD2C3,12.5,-911,-84,431
1462224354480,null,0,D202B31CD2C3,12.5,-1081,-151,532
1462224354541,null,0,D202B31CD2C3,12.5,-1362,-210,500
1462224354640,null,0,D202B31CD2C3,12.5,-964,13,315
1462224354703,null,0,D202B31CD2C3,12.5,-918,81,232
1462224354782,null,0,D202B31CD2C3,12.5,-1218,-24,285
1462224354868,null,0,D202B31CD2C3,12.5,-994,56,337
1462224354917,null,0,D202B31CD2C3,12.5,-907,23,360
1462224355015,null,0,D202B31CD2C3,12.5,-1098,30,384
1462224355066,null,0,D202B31CD2C3,12.5,-1146,43,419
1462224355169,null,0,D202B31CD2C3,12.5,-1376,-109,484
1462224355276,null,0,D202B31CD2C3,12.5,-1132,-117,318
1462224355321,null,0,D202B31CD2C3,12.5,-914,-162,210
1462224355405,null,0,D202B31CD2C3,12.5,-1088,-144,352
1462224355503,null,0,D202B31CD2C3,12.5,-965,-114,425
1462224355551,null,0,D202B31CD2C3,12.5,-974,-85,416
1462224355654,null,0,D202B31CD2C3,12.5,-1006,-78,488
1462224355709,null,0,D202B31CD2C3,12.5,-914,-90,419
1462224355813,null,0,D202B31CD2C3,12.5,-1323,-254,512
1462224355892,null,0,D202B31CD2C3,12.5,-1270,-51,446
1462224355941,null,0,D202B31CD2C3,12.5,-952,101,245
1462224356038,null,0,D202B31CD2C3,12.5,-1178,0,351
1462224356138,null,0,D202B31CD2C3,12.5,-1001,-67,374
1462224356193,null,0,D202B31CD2C3,12.5,-1012,-69,369
1462224356283,null,0,D202B31CD2C3,12.5,-1081,-48,402
1462224356331,null,0,D202B31CD2C3,12.5,-1043,-108,432
1462224356428,null,0,D202B31CD2C3,12.5,-1022,-112,361
1462224356526,null,0,D202B31CD2C3,12.5,-1050,-74,319
1462224356575,null,0,D202B31CD2C3,12.5,-1229,-237,363
1462224356673,null,0,D202B31CD2C3,12.5,-1047,-280,275
1462224356825,null,0,D202B31CD2C3,12.5,-1094,-252,262
1462224356919,null,0,D202B31CD2C3,12.5,-1081,-230,296
1462224356965,null,0,D202B31CD2C3,12.5,-1057,-239,323
1462224357062,null,0,D202B31CD2C3,12.5,-1027,-187,340
1462224357159,null,0,D202B31CD2C3,12.5,-1024,-164,354
1462224357208,null,0,D202B31CD2C3,12.5,-1021,-169,416
1462224357306,null,0,D202B31CD2C3,12.5,-1158,-84,464
1462224357406,null,0,D202B31CD2C3,12.5,-1028,37,360
1462224357472,null,0,D202B31CD2C3,12.5,-1204,-43,435
1462224357550,null,0,D202B31CD2C3,12.5,-990,40,373
1462224357599,null,0,D202B31CD2C3,12.5,-1082,7,378
1462224357697,null,0,D202B31CD2C3,12.5,-1089,2,387
1462224357794,null,0,D202B31CD2C3,12.5,-1090,-11,392
1462224357842,null,0,D202B31CD2C3,12.5,-1057,-21,306
1462224357940,null,0,D202B31CD2C3,12.5,-1386,-140,426
1462224357988,null,0,D202B31CD2C3,12.5,-1027,-96,354
1462224358086,null,0,D202B31CD2C3,12.5,-949,-217,310
1462224358183,null,0,D202B31CD2C3,12.5,-1080,-139,431
1462224358232,null,0,D202B31CD2C3,12.5,-945,-166,409
1462224358330,null,0,D202B31CD2C3,12.5,-978,-129,438
1462224358427,null,0,D202B31CD2C3,12.5,-949,-117,422
1462224358476,null,0,D202B31CD2C3,12.5,-1045,-135,421
1462224358573,null,0,D202B31CD2C3,12.5,-1452,-190,474
1462224358623,null,0,D202B31CD2C3,12.5,-1160,12,380
1462224358721,null,0,D202B31CD2C3,12.5,-1095,113,195
1462224358826,null,0,D202B31CD2C3,12.5,-1191,6,264
1462224358866,null,0,D202B31CD2C3,12.5,-966,19,307
1462224358964,null,0,D202B31CD2C3,12.5,-1014,41,349
1462224359063,null,0,D202B31CD2C3,12.5,-1032,11,363
1462224359126,null,0,D202B31CD2C3,12.5,-1153,14,399
1462224359223,null,0,D202B31CD2C3,12.5,-1491,-127,484
1462224359356,null,0,D202B31CD2C3,12.5,-894,-232,207
1462224359457,null,0,D202B31CD2C3,12.5,-1099,-141,351
1462224359503,null,0,D202B31CD2C3,12.5,-994,-168,374
1462224359660,null,0,D202B31CD2C3,12.5,-972,-142,417
1462224359757,null,0,D202B31CD2C3,12.5,-1051,-185,481
1462224359841,null,0,D202B31CD2C3,12.5,-1380,-82,549
1462224359890,null,0,D202B31CD2C3,12.5,-1122,19,320
1462224359987,null,0,D202B31CD2C3,12.5,-1066,-10,326
1462224360085,null,0,D202B31CD2C3,12.5,-1096,-66,356
1462224360133,null,0,D202B31CD2C3,12.5,-962,-18,387
1462224360232,null,0,D202B31CD2C3,12.5,-955,-1,398
1462224360329,null,0,D202B31CD2C3,12.5,-981,-49,360
1462224360378,null,0,D202B31CD2C3,12.5,-1112,-50,415
1462224360506,null,0,D202B31CD2C3,12.5,-1556,-310,617
1462224360529,null,0,D202B31CD2C3,12.5,-851,-151,292
1462224360630,null,0,D202B31CD2C3,12.5,-806,-229,392
1462224360719,null,0,D202B31CD2C3,12.5,-1187,-230,371
1462224360768,null,0,D202B31CD2C3,12.5,-734,188,486
1462224360865,null,0,D202B31CD2C3,12.5,-1173,-57,555
1462224360915,null,0,D202B31CD2C3,12.5,-1079,-111,535
1462224361034,null,0,D202B31CD2C3,12.5,-968,-114,428
1462224361122,null,0,D202B31CD2C3,12.5,-1260,-178,561
1462224361158,null,0,D202B31CD2C3,12.5,-1233,119,433
1462224361255,null,0,D202B31CD2C3,12.5,-976,117,219
1462224361352,null,0,D202B31CD2C3,12.5,-1106,-92,287
1462224361402,null,0,D202B31CD2C3,12.5,-1037,6,381
1462224361504,null,0,D202B31CD2C3,12.5,-983,-7,415
1462224361550,null,0,D202B31CD2C3,12.5,-953,5,384
1462224361648,null,0,D202B31CD2C3,12.5,-1105,-19,453
1462224361748,null,0,D202B31CD2C3,12.5,-1506,-244,597
1462224361845,null,0,D202B31CD2C3,12.5,-1158,-187,425
1462224361892,null,0,D202B31CD2C3,12.5,-625,-156,216
1462224361990,null,0,D202B31CD2C3,12.5,-1092,-210,353
1462224362038,null,0,D202B31CD2C3,12.5,-1040,-164,510
1462224362135,null,0,D202B31CD2C3,12.5,-896,-193,419
1462224362187,null,0,D202B31CD2C3,12.5,-894,-140,422
1462224362282,null,0,D202B31CD2C3,12.5,-939,-199,390
1462224362379,null,0,D202B31CD2C3,12.5,-1145,-243,477
1462224362430,null,0,D202B31CD2C3,12.5,-1456,-125,557
1462224362529,null,0,D202B31CD2C3,12.5,-918,33,309
1462224362676,null,0,D202B31CD2C3,12.5,-1084,-36,390
1462224362772,null,0,D202B31CD2C3,12.5,-996,29,390
1462224362819,null,0,D202B31CD2C3,12.5,-946,14,412
1462224362912,null,0,D202B31CD2C3,12.5,-953,-4,362
1462224363010,null,0,D202B31CD2C3,12.5,-1250,-73,449
1462224363059,null,0,D202B31CD2C3,12.5,-1563,-327,517
1462224363158,null,0,D202B31CD2C3,12.5,-865,-237,241
1462224363264,null,0,D202B31CD2C3,12.5,-878,-193,278
1462224363318,null,0,D202B31CD2C3,12.5,-1027,-117,380
1462224363400,null,0,D202B31CD2C3,12.5,-922,-168,400
1462224363448,null,0,D202B31CD2C3,12.5,-923,-146,441
1462224363546,null,0,D202B31CD2C3,12.5,-962,-156,414
1462224363651,null,0,D202B31CD2C3,12.5,-1578,-289,507
1462224363700,null,0,D202B31CD2C3,12.5,-1444,27,338
1462224363806,null,0,D202B31CD2C3,12.5,-1025,147,180
1462224363859,null,0,D202B31CD2C3,12.5,-1009,-43,268
1462224363936,null,0,D202B31CD2C3,12.5,-972,-16,358
1462224364034,null,0,D202B31CD2C3,12.5,-1032,69,359
1462224364082,null,0,D202B31CD2C3,12.5,-895,40,340
1462224364182,null,0,D202B31CD2C3,12.5,-1167,-37,502
1462224364288,null,0,D202B31CD2C3,12.5,-1397,-175,588
1462224364343,null,0,D202B31CD2C3,12.5,-995,-237,406
1462224364423,null,0,D202B31CD2C3,12.5,-790,-187,286
1462224364472,null,0,D202B31CD2C3,12.5,-1013,-90,399
1462224364570,null,0,D202B31CD2C3,12.5,-943,-126,427
1462224364672,null,0,D202B31CD2C3,12.5,-933,-127,456
1462224364729,null,0,D202B31CD2C3,12.5,-971,-95,360
1462224364822,null,0,D202B31CD2C3,12.5,-1268,-168,480
1462224364915,null,0,D202B31CD2C3,12.5,-1445,28,437
1462224364960,null,0,D202B31CD2C3,12.5,-1080,128,118
1462224365057,null,0,D202B31CD2C3,12.5,-1053,1,253
1462224365107,null,0,D202B31CD2C3,12.5,-935,45,357
1462224365208,null,0,D202B31CD2C3,12.5,-1000,100,390
1462224365303,null,0,D202B31CD2C3,12.5,-919,92,379
1462224365373,null,0,D202B31CD2C3,12.5,-1166,-13,453
1462224365447,null,0,D202B31CD2C3,12.5,-1510,-169,509
1462224365545,null,0,D202B31CD2C3,12.5,-925,-282,300
1462224365593,null,0,D202B31CD2C3,12.5,-842,-192,232
1462224365692,null,0,D202B31CD2C3,12.5,-1086,-154,330
1462224365740,null,0,D202B31CD2C3,12.5,-920,-181,438
1462224365842,null,0,D202B31CD2C3,12.5,-915,-163,445
1462224365938,null,0,D202B31CD2C3,12.5,-944,-147,450
1462224365983,null,0,D202B31CD2C3,12.5,-1023,-162,557
1462224366081,null,0,D202B31CD2C3,12.5,-1471,-79,529
1462224366230,null,0,D202B31CD2C3,12.5,-1078,-44,307
1462224366339,null,0,D202B31CD2C3,12.5,-939,-94,408
1462224366374,null,0,D202B31CD2C3,12.5,-906,-3,401
1462224366471,null,0,D202B31CD2C3,12.5,-891,32,388
1462224366569,null,0,D202B31CD2C3,12.5,-1035,-38,466
1462224366689,null,0,D202B31CD2C3,12.5,-1239,-36,497
1462224366721,null,0,D202B31CD2C3,12.5,-1483,-326,551
1462224366764,null,0,D202B31CD2C3,12.5,-880,-167,275
1462224366862,null,0,D202B31CD2C3,12.5,-993,-177,270
1462224366958,null,0,D202B31CD2C3,12.5,-1057,-67,372
1462224367009,null,0,D202B31CD2C3,12.5,-927,-201,428
1462224367113,null,0,D202B31CD2C3,12.5,-939,-194,442
1462224367208,null,0,D202B31CD2C3,12.5,-908,-146,340
1462224367260,null,0,D202B31CD2C3,12.5,-1102,-248,458
1462224367353,null,0,D202B31CD2C3,12.5,-1518,-204,507
1462224367401,null,0,D202B31CD2C3,12.5,-1057,-12,267
1462224367497,null,0,D202B31CD2C3,12.5,-994,-21,301
1462224367599,null,0,D202B31CD2C3,12.5,-1139,-62,342
1462224367649,null,0,D202B31CD2C3,12.5,-952,-77,352
1462224367742,null,0,D202B31CD2C3,12.5,-948,-19,393
1462224367840,null,0,D202B31CD2C3,12.5,-918,-99,357
1462224367892,null,0,D202B31CD2C3,12.5,-1159,-111,463
1462224367985,null,0,D202B31CD2C3,12.5,-1505,-321,452
1462224368038,null,0,D202B31CD2C3,12.5,-1253,-290,462
1462224368139,null,0,D202B31CD2C3,12.5,-843,-223,219
1462224368237,null,0,D202B31CD2C3,12.5,-1044,-110,265
1462224368280,null,0,D202B31CD2C3,12.5,-1022,-83,408
1462224368376,null,0,D202B31CD2C3,12.5,-950,-140,418
1462224368476,null,0,D202B31CD2C3,12.5,-917,-126,404
1462224368522,null,0,D202B31CD2C3,12.5,-1026,-139,454
1462224368620,null,0,D202B31CD2C3,12.5,-1421,-226,596
1462224368669,null,0,D202B31CD2C3,12.5,-1167,-2,506
1462224368819,null,0,D202B31CD2C3,12.5,-866,74,283
1462224368865,null,0,D202B31CD2C3,12.5,-1159,-19,324
1462224368916,null,0,D202B31CD2C3,12.5,-1046,-94,456
1462224369006,null,0,D202B31CD2C3,12.5,-918,-1,401
1462224369152,null,0,D202B31CD2C3,12.5,-1022,-98,431
1462224369257,null,0,D202B31CD2C3,12.5,-1153,-70,503
1462224369305,null,0,D202B31CD2C3,12.5,-1418,-312,511
1462224369410,null,0,D202B31CD2C3,12.5,-978,-250,341
1462224369493,null,0,D202B31CD2C3,12.5,-973,-281,168
1462224369542,null,0,D202B31CD2C3,12.5,-1183,-71,218
1462224369640,null,0,D202B31CD2C3,12.5,-1002,-201,348
1462224369690,null,0,D202B31CD2C3,12.5,-977,-200,390
1462224369866,null,0,D202B31CD2C3,12.5,-957,-141,360
1462224369889,null,0,D202B31CD2C3,12.5,-1024,-183,449
1462224369973,null,0,D202B31CD2C3,12.5,-1340,-130,490
1462224370030,null,0,D202B31CD2C3,12.5,-1159,-130,405
1462224370127,null,0,D202B31CD2C3,12.5,-1019,-33,240
1462224370176,null,0,D202B31CD2C3,12.5,-1128,-134,354
1462224370286,null,0,D202B31CD2C3,12.5,-1009,-22,345
1462224370327,null,0,D202B31CD2C3,12.5,-968,-37,338
1462224370429,null,0,D202B31CD2C3,12.5,-992,-73,389
1462224370517,null,0,D202B31CD2C3,12.5,-995,-120,359
1462224370566,null,0,D202B31CD2C3,12.5,-1158,-75,424
1462224370666,null,0,D202B31CD2C3,12.5,-1394,-348,473
1462224370764,null,0,D202B31CD2C3,12.5,-1144,-265,324
1462224370813,null,0,D202B31CD2C3,12.5,-931,-325,208
1462224370918,null,0,D202B31CD2C3,12.5,-1038,-141,294
1462224370966,null,0,D202B31CD2C3,12.5,-941,-143,361
1462224371053,null,0,D202B31CD2C3,12.5,-936,-159,425
1462224371152,null,0,D202B31CD2C3,12.5,-923,-140,402
1462224371201,null,0,D202B31CD2C3,12.5,-1039,-194,494
1462224371299,null,0,D202B31CD2C3,12.5,-1514,-226,487
1462224371398,null,0,D202B31CD2C3,12.5,-1231,-39,323
1462224371446,null,0,D202B31CD2C3,12.5,-1023,32,250
1462224371547,null,0,D202B31CD2C3,12.5,-1097,-119,354
1462224371596,null,0,D202B31CD2C3,12.5,-921,-86,363
1462224371712,null,0,D202B31CD2C3,12.5,-945,-27,389
1462224371808,null,0,D202B31CD2C3,12.5,-887,-111,372
1462224371839,null,0,D202B31CD2C3,12.5,-1208,-73,473
1462224371942,null,0,D202B31CD2C3,12.5,-1369,-224,580
1462224372077,null,0,D202B31CD2C3,12.5,-759,-200,244
1462224372175,null,0,D202B31CD2C3,12.5,-1047,-164,312
1462224372227,null,0,D202B31CD2C3,12.5,-1048,-125,407
1462224372335,null,0,D202B31CD2C3,12.5,-932,-162,429
1462224372419,null,0,D202B31CD2C3,12.5,-910,-167,436
1462224372467,null,0,D202B31CD2C3,12.5,-959,-145,426
1462224372568,null,0,D202B31CD2C3,12.5,-1203,-187,514
1462224372619,null,0,D202B31CD2C3,12.5,-1359,-118,462
1462224372721,null,0,D202B31CD2C3,12.5,-903,-55,322
1462224372840,null,0,D202B31CD2C3,12.5,-1116,-73,315
1462224372861,null,0,D202B31CD2C3,12.5,-1144,-139,349
1462224372955,null,0,D202B31CD2C3,12.5,-938,-40,334
1462224373052,null,0,D202B31CD2C3,12.5,-1014,-62,338
1462224373102,null,0,D202B31CD2C3,12.5,-1023,-49,340
1462224373198,null,0,D202B31CD2C3,12.5,-1097,-54,449
1462224373250,null,0,D202B31CD2C3,12.5,-1270,-283,553
1462224373345,null,0,D202B31CD2C3,12.5,-1151,-132,406
1462224373467,null,0,D202B31CD2C3,12.5,-787,-121,203
1462224373503,null,0,D202B31CD2C3,12.5,-1136,-216,300
1462224373588,null,0,D202B31CD2C3,12.5,-1044,-157,329
1462224373686,null,0,D202B31CD2C3,12.5,-978,-173,309
1462224373735,null,0,D202B31CD2C3,12.5,-1082,-167,309
1462224373846,null,0,D202B31CD2C3,12.5,-1039,-181,326
1462224373886,null,0,D202B31CD2C3,12.5,-1054,-219,352
1462224373999,null,0,D202B31CD2C3,12.5,-1026,-187,375
1462224374076,null,0,D202B31CD2C3,12.5,-1306,-167,502
1462224374125,null,0,D202B31CD2C3,12.5,-1145,87,291
1462224374223,null,0,D202B31CD2C3,12.5,-1006,48,165
1462224374328,null,0,D202B31CD2C3,12.5,-1151,0,193
1462224374376,null,0,D202B31CD2C3,12.5,-1180,9,292
1462224374480,null,0,D202B31CD2C3,12.5,-1074,77,263
1462224374515,null,0,D202B31CD2C3,12.5,-1091,15,290
1462224374612,null,0,D202B31CD2C3,12.5,-1069,38,342
1462224374710,null,0,D202B31CD2C3,12.5,-1082,23,355
1462224374759,null,0,D202B31CD2C3,12.5,-1321,-172,470
1462224374859,null,0,D202B31CD2C3,12.5,-1171,-105,384
1462224375032,null,0,D202B31CD2C3,12.5,-1164,-105,341
1462224375100,null,0,D202B31CD2C3,12.5,-1016,-91,367
1462224375149,null,0,D202B31CD2C3,12.5,-1007,-68,372
1462224375247,null,0,D202B31CD2C3,12.5,-1060,-94,466
1462224375345,null,0,D202B31CD2C3,12.5,-983,-65,448
1462224375394,null,0,D202B31CD2C3,12.5,-1041,-91,463
1462224375505,null,0,D202B31CD2C3,12.5,-1230,-112,559
1462224375549,null,0,D202B31CD2C3,12.5,-1117,42,427
1462224375636,null,0,D202B31CD2C3,12.5,-842,116,236
1462224375734,null,0,D202B31CD2C3,12.5,-1150,-27,371
1462224375782,null,0,D202B31CD2C3,12.5,-1054,-47,392
1462224375882,null,0,D202B31CD2C3,12.5,-946,-44,369
1462224375998,null,0,D202B31CD2C3,12.5,-1009,-37,403
1462224376032,null,0,D202B31CD2C3,12.5,-1101,14,391
1462224376123,null,0,D202B31CD2C3,12.5,-1187,19,394
1462224376173,null,0,D202B31CD2C3,12.5,-1402,-225,449
1462224376270,null,0,D202B31CD2C3,12.5,-918,-162,295
1462224376367,null,0,D202B31CD2C3,12.5,-908,-189,297
1462224376418,null,0,D202B31CD2C3,12.5,-1082,-181,378
1462224376518,null,0,D202B31CD2C3,12.5,-943,-185,402
1462224376611,null,0,D202B31CD2C3,12.5,-958,-170,403
1462224376660,null,0,D202B31CD2C3,12.5,-994,-135,385
1462224376757,null,0,D202B31CD2C3,12.5,-1054,-202,400
1462224376808,null,0,D202B31CD2C3,12.5,-1393,-157,463
1462224376922,null,0,D202B31CD2C3,12.5,-1219,-25,360
1462224377014,null,0,D202B31CD2C3,12.5,-990,56,154
1462224377068,null,0,D202B31CD2C3,12.5,-1113,-81,246
1462224377196,null,0,D202B31CD2C3,12.5,-1001,-18,361
1462224377245,null,0,D202B31CD2C3,12.5,-981,18,357
1462224377294,null,0,D202B31CD2C3,12.5,-973,-31,387
1462224377393,null,0,D202B31CD2C3,12.5,-1061,1,413
1462224377441,null,0,D202B31CD2C3,12.5,-1274,-92,490
1462224377556,null,0,D202B31CD2C3,12.5,-1355,-290,422
1462224377635,null,0,D202B31CD2C3,12.5,-870,-124,239
1462224377684,null,0,D202B31CD2C3,12.5,-996,-212,266
1462224377783,null,0,D202B31CD2C3,12.5,-1079,-76,351
1462224377935,null,0,D202B31CD2C3,12.5,-956,-111,417
1462224378030,null,0,D202B31CD2C3,12.5,-966,-116,432
1462224378073,null,0,D202B31CD2C3,12.5,-1109,-208,474
1462224378172,null,0,D202B31CD2C3,12.5,-1329,-115,593
1462224378269,null,0,D202B31CD2C3,12.5,-1127,37,337
1462224378323,null,0,D202B31CD2C3,12.5,-1058,14,235
1462224378420,null,0,D202B31CD2C3,12.5,-1129,-80,276
1462224378464,null,0,D202B31CD2C3,12.5,-1012,11,325
1462224378561,null,0,D202B31CD2C3,12.5,-978,-13,345
1462224378659,null,0,D202B31CD2C3,12.5,-997,-11,343
1462224378709,null,0,D202B31CD2C3,12.5,-1205,-46,410
1462224378826,null,0,D202B31CD2C3,12.5,-1439,-164,504
1462224378913,null,0,D202B31CD2C3,12.5,-1146,-215,363
1462224378952,null,0,D202B31CD2C3,12.5,-786,-210,222
1462224379049,null,0,D202B31CD2C3,12.5,-1071,-188,313
1462224379097,null,0,D202B31CD2C3,12.5,-988,-158,369
1462224379197,null,0,D202B31CD2C3,12.5,-949,-184,406
1462224379326,null,0,D202B31CD2C3,12.5,-964,-140,415
1462224379346,null,0,D202B31CD2C3,12.5,-1022,-135,396
1462224379451,null,0,D202B31CD2C3,12.5,-1128,-146,466
1462224379552,null,0,D202B31CD2C3,12.5,-1368,-97,521
1462224379596,null,0,D202B31CD2C3,12.5,-1116,-11,298
1462224379682,null,0,D202B31CD2C3,12.5,-1062,-27,169
1462224379732,null,0,D202B31CD2C3,12.5,-1115,-115,268
1462224379829,null,0,D202B31CD2C3,12.5,-1030,-5,310
1462224379926,null,0,D202B31CD2C3,12.5,-967,8,369
1462224379976,null,0,D202B31CD2C3,12.5,-983,1,383
1462224380078,null,0,D202B31CD2C3,12.5,-1180,-28,450
1462224380173,null,0,D202B31CD2C3,12.5,-1343,-149,510
1462224380224,null,0,D202B31CD2C3,12.5,-1243,-237,402
1462224380320,null,0,D202B31CD2C3,12.5,-945,-188,233
1462224380373,null,0,D202B31CD2C3,12.5,-1037,-187,332
1462224380472,null,0,D202B31CD2C3,12.5,-960,-94,374
1462224380613,null,0,D202B31CD2C3,12.5,-910,-122,418
1462224380618,null,0,D202B31CD2C3,12.5,-919,-81,461
1462224380707,null,0,D202B31CD2C3,12.5,-1004,-138,480
1462224380853,null,0,D202B31CD2C3,12.5,-1260,-123,469
1462224380960,null,0,D202B31CD2C3,12.5,-974,47,278
1462224381005,null,0,D202B31CD2C3,12.5,-1098,-22,273
1462224381111,null,0,D202B31CD2C3,12.5,-1038,-137,302
1462224381193,null,0,D202B31CD2C3,12.5,-908,-29,358
1462224381242,null,0,D202B31CD2C3,12.5,-919,-65,406
1462224381340,null,0,D202B31CD2C3,12.5,-1020,-45,447
1462224381439,null,0,D202B31CD2C3,12.5,-1160,-21,539
1462224381491,null,0,D202B31CD2C3,12.5,-1393,-224,551
1462224381588,null,0,D202B31CD2C3,12.5,-908,-188,328
1462224381638,null,0,D202B31CD2C3,12.5,-949,-235,285
1462224381736,null,0,D202B31CD2C3,12.5,-1025,-140,367
1462224381832,null,0,D202B31CD2C3,12.5,-929,-187,420
1462224381880,null,0,D202B31CD2C3,12.5,-920,-160,432
1462224381980,null,0,D202B31CD2C3,12.5,-953,-154,429
1462224382029,null,0,D202B31CD2C3,12.5,-1073,-190,522
1462224382124,null,0,D202B31CD2C3,12.5,-1363,-149,562
1462224382220,null,0,D202B31CD2C3,12.5,-1093,-96,425
1462224382269,null,0,D202B31CD2C3,12.5,-1113,-45,298
1462224382369,null,0,D202B31CD2C3,12.5,-1068,-132,317
1462224382465,null,0,D202B31CD2C3,12.5,-909,-51,385
1462224382516,null,0,D202B31CD2C3,12.5,-938,-75,409
1462224382614,null,0,D202B31CD2C3,12.5,-962,-134,379
1462224382656,null,0,D202B31CD2C3,12.5,-1090,-135,428
1462224382753,null,0,D202B31CD2C3,12.5,-1397,-368,532
1462224382852,null,0,D202B31CD2C3,12.5,-887,-332,296
1462224382900,null,0,D202B31CD2C3,12.5,-952,-261,271
1462224382997,null,0,D202B31CD2C3,12.5,-893,-130,374
1462224383097,null,0,D202B31CD2C3,12.5,-876,-226,447
1462224383145,null,0,D202B31CD2C3,12.5,-891,-177,470
1462224383246,null,0,D202B31CD2C3,12.5,-945,-146,456
1462224383298,null,0,D202B31CD2C3,12.5,-1067,-220,544
1462224383395,null,0,D202B31CD2C3,12.5,-1281,-155,509
1462224383485,null,0,D202B31CD2C3,12.5,-1089,38,215
1462224383534,null,0,D202B31CD2C3,12.5,-1084,-28,293
1462224383631,null,0,D202B31CD2C3,12.5,-950,-39,390
1462224383780,null,0,D202B31CD2C3,12.5,-930,-52,385
1462224383888,null,0,D202B31CD2C3,12.5,-1052,-103,495
1462224383928,null,0,D202B31CD2C3,12.5,-1433,-209,522
1462224384027,null,0,D202B31CD2C3,12.5,-1236,-305,450
1462224384123,null,0,D202B31CD2C3,12.5,-908,-231,281
1462224384167,null,0,D202B31CD2C3,12.5,-973,-132,353
1462224384265,null,0,D202B31CD2C3,12.5,-923,-132,406
1462224384362,null,0,D202B31CD2C3,12.5,-897,-139,478
1462224384413,null,0,D202B31CD2C3,12.5,-918,-131,467
1462224384528,null,0,D202B31CD2C3,12.5,-1032,-153,512
1462224384565,null,0,D202B31CD2C3,12.5,-1453,-223,595
1462224384654,null,0,D202B31CD2C3,12.5,-1236,-43,463
1462224384752,null,0,D202B31CD2C3,12.5,-1007,68,219
1462224384801,null,0,D202B31CD2C3,12.5,-1089,-57,308
1462224384918,null,0,D202B31CD2C3,12.5,-980,-33,378
1462224384948,null,0,D202B31CD2C3,12.5,-932,15,411
1462224385045,null,0,D202B31CD2C3,12.5,-885,-70,408
1462224385142,null,0,D202B31CD2C3,12.5,-1112,-108,497
1462224385194,null,0,D202B31CD2C3,12.5,-1332,-127,568
1462224385315,null,0,D202B31CD2C3,12.5,-1253,-314,487
1462224385420,null,0,D202B31CD2C3,12.5,-878,-145,272
1462224385439,null,0,D202B31CD2C3,12.5,-1006,-188,291
1462224385541,null,0,D202B31CD2C3,12.5,-1011,-99,384
1462224385590,null,0,D202B31CD2C3,12.5,-908,-171,444
1462224385678,null,0,D202B31CD2C3,12.5,-887,-99,455
1462224385777,null,0,D202B31CD2C3,12.5,-958,-129,436
1462224385825,null,0,D202B31CD2C3,12.5,-1121,-189,547
1462224385926,null,0,D202B31CD2C3,12.5,-1355,-146,534
1462224386040,null,0,D202B31CD2C3,12.5,-929,26,282
1462224386076,null,0,D202B31CD2C3,12.5,-1062,-32,270
1462224386166,null,0,D202B31CD2C3,12.5,-997,-68,359
1462224386215,null,0,D202B31CD2C3,12.5,-941,-10,349
1462224386312,null,0,D202B31CD2C3,12.5,-957,-53,392
1462224386410,null,0,D202B31CD2C3,12.5,-987,-107,396
1462224386458,null,0,D202B31CD2C3,12.5,-1116,-65,487
1462224386556,null,0,D202B31CD2C3,12.5,-1335,-163,510
1462224386654,null,0,D202B31CD2C3,12.5,-1073,-303,408
1462224386704,null,0,D202B31CD2C3,12.5,-908,-256,290
1462224386803,null,0,D202B31CD2C3,12.5,-1042,-172,380
1462224386855,null,0,D202B31CD2C3,12.5,-894,-216,370
1462224386950,null,0,D202B31CD2C3,12.5,-918,-180,425
1462224387043,null,0,D202B31CD2C3,12.5,-926,-171,434
1462224387092,null,0,D202B31CD2C3,12.5,-976,-213,479
1462224387189,null,0,D202B31CD2C3,12.5,-1528,-234,558
1462224387288,null,0,D202B31CD2C3,12.5,-1237,-135,416
1462224387336,null,0,D202B31CD2C3,12.5,-1020,32,237
1462224387447,null,0,D202B31CD2C3,12.5,-1105,-130,350
1462224387489,null,0,D202B31CD2C3,12.5,-939,13,376
1462224387585,null,0,D202B31CD2C3,12.5,-929,-3,396
1462224387680,null,0,D202B31CD2C3,12.5,-931,-72,374
1462224387726,null,0,D202B31CD2C3,12.5,-1155,-102,476
1462224387824,null,0,D202B31CD2C3,12.5,-1203,-115,528
1462224387872,null,0,D202B31CD2C3,12.5,-1395,-325,516
1462224387973,null,0,D202B31CD2C3,12.5,-791,-249,309
1462224388075,null,0,D202B31CD2C3,12.5,-985,-185,309
1462224388173,null,0,D202B31CD2C3,12.5,-973,-143,395
1462224388213,null,0,D202B31CD2C3,12.5,-930,-138,453
1462224388312,null,0,D202B31CD2C3,12.5,-920,-160,424
1462224388360,null,0,D202B31CD2C3,12.5,-942,-142,412
1462224388524,null,0,D202B31CD2C3,12.5,-1025,-220,530
1462224388536,null,0,D202B31CD2C3,12.5,-1446,-182,566
1462224388610,null,0,D202B31CD2C3,12.5,-1205,-130,423
1462224388701,null,0,D202B31CD2C3,12.5,-1065,-23,239
1462224388749,null,0,D202B31CD2C3,12.5,-1086,-121,297
1462224388848,null,0,D202B31CD2C3,12.5,-947,-67,398
1462224388948,null,0,D202B31CD2C3,12.5,-910,-33,402
1462224389002,null,0,D202B31CD2C3,12.5,-949,-76,400
1462224389106,null,0,D202B31CD2C3,12.5,-1076,-118,457
1462224389155,null,0,D202B31CD2C3,12.5,-1141,-97,525
1462224389237,null,0,D202B31CD2C3,12.5,-1354,-272,500
1462224389335,null,0,D202B31CD2C3,12.5,-935,-202,386
1462224389385,null,0,D202B31CD2C3,12.5,-898,-228,297
1462224389484,null,0,D202B31CD2C3,12.5,-1094,-162,385
1462224389607,null,0,D202B31CD2C3,12.5,-934,-204,423
1462224389641,null,0,D202B31CD2C3,12.5,-954,-184,455
1462224389725,null,0,D202B31CD2C3,12.5,-955,-160,454
1462224389773,null,0,D202B31CD2C3,12.5,-967,-200,432
1462224389871,null,0,D202B31CD2C3,12.5,-1095,-168,536
1462224389970,null,0,D202B31CD2C3,12.5,-1095,-97,512
1462224390019,null,0,D202B31CD2C3,12.5,-1103,-112,477
1462224390123,null,0,D202B31CD2C3,12.5,-972,41,302
1462224390261,null,0,D202B31CD2C3,12.5,-1104,-52,376
1462224390359,null,0,D202B31CD2C3,12.5,-1021,-36,352
1462224390408,null,0,D202B31CD2C3,12.5,-1080,-58,334
1462224390507,null,0,D202B31CD2C3,12.5,-1077,-43,386
1462224390626,null,0,D202B31CD2C3,12.5,-1071,-64,444
1462224390654,null,0,D202B31CD2C3,12.5,-1067,-96,417
